[
{
  "model": "sessions.session",
  "pk": "10466lldv0og2vlxuyoagdvcl7xjd9o6",
  "fields": {
    "session_data": "e30:1nSpO4:YbR2kR4kqR1fd7yTJafsBFAnH9Ncwkm-MTodpnqDRkU",
    "expire_date": "2022-03-26T00:13:36.892Z"
  }
},
{
  "model": "sessions.session",
  "pk": "1w2xtu46xabf4gkhgj80jmga9ffq76bi",
  "fields": {
    "session_data": "e30:1ndOHO:LW_Cbu-DovFCN8oYTWqXoDSpmjwK6Ddj0kcJHnDRoLY",
    "expire_date": "2022-04-24T03:30:22.008Z"
  }
},
{
  "model": "sessions.session",
  "pk": "303dn485ps1pfv8dtrf7xql60ip28rsx",
  "fields": {
    "session_data": ".eJxVjjkOwyAURO9CHSGzfcBl-pwBsXzHZIHI4CrK3WNLbtzOezOaL3ENW8u1uFxydz2_sXX__jgyMpAWpAatqB6kUNZciPNrn93acHE5kZEwcsqCj08sO0gPX-6Vxlr6kgPdFXrQRm814et6uKeB2bd5awthRIgwWWCKDQMHqy03Wk1JaK6NwOQ5NwEhBQOWTyFuBy2iB4FGoSS_P-LdRZs:1ndkiZ:4xhAdMb31BAVYM4iRRpftycON_vCEU6tju6KZfBThQI",
    "expire_date": "2022-04-25T03:27:55.784Z"
  }
},
{
  "model": "sessions.session",
  "pk": "3hwo7ywenixknm85lsbmdrf16fht5t8h",
  "fields": {
    "session_data": "e30:1nSpRQ:BxS6SHL59mtzn5X6p6aEKNPHMqpgIxFh4s0hgrAYy90",
    "expire_date": "2022-03-26T00:17:04.827Z"
  }
},
{
  "model": "sessions.session",
  "pk": "3lb6gjyt2gw95bhl5nvo15jblzzg453p",
  "fields": {
    "session_data": ".eJxVjDsOwjAQBe_iGlnrX-xQ0ucM1tq74ACypTipEHeHSCmgfTPzXiLitpa4dV7iTOIstBWn3zFhfnDdCd2x3prMra7LnOSuyIN2OTXi5-Vw_w4K9vKtQ_JElDMrTKCzyTYwJEWj9zqMzihF4DwOVwZGZ51hMgw6IZJnGFi8Pyo7OOA:1ndOHx:IIKfveF4EBLnb139zXK4NE7VEqnTB71QPjwb6BmC0aI",
    "expire_date": "2022-04-24T03:30:57.864Z"
  }
},
{
  "model": "sessions.session",
  "pk": "3p2fusyjuq7atwn6crtndullrrhksyj4",
  "fields": {
    "session_data": ".eJxVjEsOwjAMBe-SNYpq1ykJS_Y9Q-Q0NimgVOpnhbg7VOoCtm9m3stE3tYSt0XmOGZzMejM6XdMPDyk7iTfud4mO0x1ncdkd8UedLH9lOV5Pdy_g8JL-dakqjkFj0Gbc8ccPDTSCSqBAoBTZRRsgUOTMgaiLIIOPbRChI7M-wMXnzfV:1ndJ8E:DvOwJdDm0V--GdNLdaFqSy0nhFvoqkodwO3SRIkOSvk",
    "expire_date": "2022-04-23T22:00:34.217Z"
  }
},
{
  "model": "sessions.session",
  "pk": "6jp70f721ub8covlnat3jzonvey9l19e",
  "fields": {
    "session_data": "e30:1nWO5U:-ohpic_UIXpHgwUSs2Vh2X-pcuvkX7El_Ijya-Ifu94",
    "expire_date": "2022-04-04T19:53:08.480Z"
  }
},
{
  "model": "sessions.session",
  "pk": "8x4t9r30trm8hnq7c91oo40hufom36xq",
  "fields": {
    "session_data": "e30:1ndKeO:_8AE9duYtTu6VyKjUGhrAmT5BEy59oaSKFix9LbNrKs",
    "expire_date": "2022-04-23T23:37:52.823Z"
  }
},
{
  "model": "sessions.session",
  "pk": "d0q3xuuqjmb25fdg68hpq1ehk3yij4qk",
  "fields": {
    "session_data": "e30:1ncHiS:lR3sbh9slMvERdCn8IypysaH8wjCztxQYSAki3odnMU",
    "expire_date": "2022-04-21T02:17:44.349Z"
  }
},
{
  "model": "sessions.session",
  "pk": "ewvq585p47hwdx3w34lng5j0b3dmtxcy",
  "fields": {
    "session_data": "e30:1nX3CG:vhTl7n59LoACisyB3P8tLreYzRT_0_Nrjjy-YCqYKIM",
    "expire_date": "2022-04-06T15:46:52.541Z"
  }
},
{
  "model": "sessions.session",
  "pk": "g14kj69icxbasmw8ga6gspgekrjev28z",
  "fields": {
    "session_data": "e30:1naJn7:iAoJac8FN70AoLGUPNlod4cyGLTKFL09_jZ12HZWWMY",
    "expire_date": "2022-04-15T16:06:25.603Z"
  }
},
{
  "model": "sessions.session",
  "pk": "id9n4l2lutx0ym2j7lk0yxd8eqo8hha8",
  "fields": {
    "session_data": "e30:1nbZ4y:ord7d24SzzwigIHx-bjnMZZZ95imYvpJZlzxcXFFy6k",
    "expire_date": "2022-04-19T02:38:00.994Z"
  }
},
{
  "model": "sessions.session",
  "pk": "luyeawn3gapfx0uq6hhku225jyaq5d06",
  "fields": {
    "session_data": "e30:1nWO81:GxIXx1bE3YYORU8Vw_dgC-P1F4wq1LiAcwMU_DaNZxg",
    "expire_date": "2022-04-04T19:55:45.740Z"
  }
},
{
  "model": "sessions.session",
  "pk": "nwctbdzrrx84x0kh86qesm9of9kcs8de",
  "fields": {
    "session_data": ".eJxVjDsOwjAQBe_iGln2bvyjpOcMlj9rHEC2FCcV4u4QKQW0b2bei_mwrdVvgxY_Z3Zmkp1-txjSg9oO8j20W-ept3WZI98VftDBrz3T83K4fwc1jPqtES3GpIvTUkkhQDvjwBpVMhowFikHABtJ52i1gxKTmNARBY1kFU3s_QG0Bzcw:1nQiRo:7z1wYFkijBfJ3rHs5SrHr1RuBf_cvk_kAArFhcvVLk0",
    "expire_date": "2022-03-20T04:24:44.744Z"
  }
},
{
  "model": "sessions.session",
  "pk": "nyom8fnwng3yoqnhe8il4dl1tl0gu3mh",
  "fields": {
    "session_data": "eyJfc2Vzc2lvbl9pbml0X3RpbWVzdGFtcF8iOjE2NDk2MjI2OTUuMTM5NjI3NX0:1ndeDf:m-MvXt_Vzr2hJVK8O7uinyd2Gn92J3jCR0lo0CREG-Y",
    "expire_date": "2022-04-24T20:31:35.147Z"
  }
},
{
  "model": "sessions.session",
  "pk": "oooyqovdk4ukw9f8gxwn0f6a7i3wxpx0",
  "fields": {
    "session_data": "e30:1nX3Ge:RnC2jYYcwZOhMWx46yWIzKIboCnDMUoRk2_tqkNrWsE",
    "expire_date": "2022-04-06T15:51:24.894Z"
  }
},
{
  "model": "sessions.session",
  "pk": "ovr52p6x1vol34z72472rl5qei6bvced",
  "fields": {
    "session_data": ".eJxVjDsOwjAQBe_iGln2bvyjpOcMlj9rHEC2FCcV4u4QKQW0b2bei_mwrdVvgxY_Z3Zmkp1-txjSg9oO8j20W-ept3WZI98VftDBrz3T83K4fwc1jPqtES3GpIvTUkkhQDvjwBpVMhowFikHABtJ52i1gxKTmNARBY1kFU3s_QG0Bzcw:1nXpGg:6b4KGXnCCBKCTpwNLGtRRpsuxbGMLdIjejj8tMwFUxU",
    "expire_date": "2022-04-08T19:06:38.154Z"
  }
},
{
  "model": "sessions.session",
  "pk": "rokdhzq2h0xy86zwmc4fwqxai55d0iym",
  "fields": {
    "session_data": "e30:1nbUxK:14wo2IpxuiYCpmdKUrzrh8q2AMlh-iWutQxwdMMGdNI",
    "expire_date": "2022-04-18T22:13:50.666Z"
  }
},
{
  "model": "sessions.session",
  "pk": "rsd0q9iapy5z6v446zr582tetno9jlqj",
  "fields": {
    "session_data": "e30:1nbZ4u:CPBXum_JjIk--T4mQSfZxWQyebRLDxo24FgmjipzP7Y",
    "expire_date": "2022-04-19T02:37:56.166Z"
  }
},
{
  "model": "sessions.session",
  "pk": "suy2zxexjev903wdnycq3ektntw1fbqs",
  "fields": {
    "session_data": "eyJ1aWQiOiIyMiJ9:1nX3Lp:v4zUnxV4hPvpP-vemYwvik_UVBwx-dNG7QRBdJud-i8",
    "expire_date": "2022-04-06T15:56:45.700Z"
  }
},
{
  "model": "sessions.session",
  "pk": "tkmz8vaa82z9frb9b6519dwnsyqmtqjo",
  "fields": {
    "session_data": "e30:1ncHfl:sGMOycxUmmuRgDJYKTM2UrKk3Pcci8Ie9mRfw9U-ufQ",
    "expire_date": "2022-04-21T02:14:57.636Z"
  }
},
{
  "model": "sessions.session",
  "pk": "vcwencs59leiyho1pbxpmpwrospocma3",
  "fields": {
    "session_data": "e30:1nX3Du:L1h2V9kvkqBHFVwsuOQuWv0T-2PSSa7qTr1GFE_64SI",
    "expire_date": "2022-04-06T15:48:34.651Z"
  }
},
{
  "model": "sessions.session",
  "pk": "vcxb5kathoa08k9f2dfuwbw7g33rkjgf",
  "fields": {
    "session_data": "e30:1ndZW3:wwkWhFMfFZk2c5hHIvpTogwM2IyDmPbpOq8KQ4A3-Uw",
    "expire_date": "2022-04-24T15:30:15.244Z"
  }
},
{
  "model": "sessions.session",
  "pk": "w04zfhd79gjjjxeaq6n40e0c5lwzvwgi",
  "fields": {
    "session_data": "e30:1nWp3L:9knGNc-Zhu23qkTjV_y4b3yt7xDZ6brXjsEqBjteX4U",
    "expire_date": "2022-04-06T00:40:43.219Z"
  }
},
{
  "model": "sessions.session",
  "pk": "wj7w5xllm4rasxfp5i9khrl17j6eyu53",
  "fields": {
    "session_data": ".eJxVjMsOwiAUBf-FtSHALa8u3fsNhMetRS2YQlfGf9cm3XR7ZuZ8iGvYWq7F5ZK763nB1v3ydmTkSjKuhARGgVkQABfi_NZntzVcXU5kJJyctuDjE8sO0sOXe6Wxlr7mQHeFHrTRW034uh7u6WD2bf7XAAZCVJNVXHLGhLLaCqPllEALbQCTF8IEVCkYZcUUIhvAInoFaCQO5PsDx3RFdA:1nfueg:XtiH_9i81vQMigfL3EINwy4U8s7Y4Cb05PCcPJXiWEY",
    "expire_date": "2022-05-01T02:28:50.332Z"
  }
},
{
  "model": "category.category",
  "pk": 1,
  "fields": {
    "category_name": "Computadoras",
    "description": "Computadoras modernas",
    "slug": "computadoras",
    "category_image": "photos/categories/1007.jpg"
  }
},
{
  "model": "category.category",
  "pk": 2,
  "fields": {
    "category_name": "Ropa de verano",
    "description": "Ropa de verano en promoción",
    "slug": "ropa-de-verano",
    "category_image": "photos/categories/900.jpg"
  }
},
{
  "model": "category.category",
  "pk": 3,
  "fields": {
    "category_name": "Música y Media",
    "description": "Artefactos de música moderna",
    "slug": "musica-y-media",
    "category_image": "photos/categories/400.jpg"
  }
},
{
  "model": "category.category",
  "pk": 4,
  "fields": {
    "category_name": "Muebles de oficina",
    "description": "Muebles de oficina",
    "slug": "muebles-de-oficina",
    "category_image": "photos/categories/1005.jpg"
  }
},
{
  "model": "category.category",
  "pk": 5,
  "fields": {
    "category_name": "Accesorios Tech",
    "description": "Gadgets personales",
    "slug": "accesorios-tech",
    "category_image": "photos/categories/1001.jpg"
  }
},
{
  "model": "accounts.account",
  "pk": 1,
  "fields": {
    "password": "pbkdf2_sha256$260000$tC1dMP9j3UXvUcewzZxfyP$ghReb8AaJaSJVMTM04FsCOzlH2mr23/UsxOMqPuhklY=",
    "first_name": "Edgar",
    "last_name": "Power",
    "username": "root",
    "email": "e_roquel@hotmail.com",
    "phone_number": "458-578-7854",
    "date_joined": "2022-03-06T04:24:12.746Z",
    "last_login": "2022-04-17T02:27:15.158Z",
    "is_admin": true,
    "is_staff": true,
    "is_active": true,
    "is_superadmin": true
  }
},
{
  "model": "accounts.account",
  "pk": 20,
  "fields": {
    "password": "pbkdf2_sha256$260000$N0TrLeW1w9ShB30Sit9EfM$ZBMGxqyw/pyZLv6zy7U4yOXMM+bmCGWQ5bXc+g5ktwU=",
    "first_name": "Broly",
    "last_name": "Sayan",
    "username": "eroquel",
    "email": "eroquel@grafquel.com",
    "phone_number": "5456456847",
    "date_joined": "2022-03-22T15:52:13.695Z",
    "last_login": "2022-03-22T15:52:25.313Z",
    "is_admin": false,
    "is_staff": false,
    "is_active": true,
    "is_superadmin": false
  }
},
{
  "model": "accounts.account",
  "pk": 22,
  "fields": {
    "password": "pbkdf2_sha256$260000$0ALQjRMM6Z7W4eccHtVefV$gJ7OYtyAWl3+nnzZBFtS37bK07eZupI73IHPoHgU738=",
    "first_name": "Goku",
    "last_name": "yin",
    "username": "test",
    "email": "test@test98.com",
    "phone_number": "564987654",
    "date_joined": "2022-03-22T19:59:19.912Z",
    "last_login": "2022-03-23T15:50:59.746Z",
    "is_admin": false,
    "is_staff": false,
    "is_active": true,
    "is_superadmin": false
  }
},
{
  "model": "accounts.account",
  "pk": 23,
  "fields": {
    "password": "pbkdf2_sha256$260000$qlsoZppMreQkuV3FfnN1xt$772S71agnI4KyLz0E/9ycu+l5h+OlPMoSSXkH5o2/8Q=",
    "first_name": "ulon",
    "last_name": "yan",
    "username": "ulo",
    "email": "ulo@u.com",
    "phone_number": "123456789",
    "date_joined": "2022-04-01T16:06:56.783Z",
    "last_login": "2022-04-01T16:06:56.829Z",
    "is_admin": false,
    "is_staff": false,
    "is_active": false,
    "is_superadmin": false
  }
},
{
  "model": "accounts.account",
  "pk": 24,
  "fields": {
    "password": "pbkdf2_sha256$260000$A5CYZfMnhKf2U11CJELArP$kAop26mRlCQXTC156YL75KiBqUD/nkEyPiBe+/2RD9Y=",
    "first_name": "Vegeta",
    "last_name": "Sayan",
    "username": "vegeta",
    "email": "vegeta@super.com",
    "phone_number": "55787459952",
    "date_joined": "2022-04-09T18:31:08.722Z",
    "last_login": "2022-04-10T03:30:57.854Z",
    "is_admin": false,
    "is_staff": false,
    "is_active": true,
    "is_superadmin": false
  }
},
{
  "model": "accounts.account",
  "pk": 25,
  "fields": {
    "password": "pbkdf2_sha256$260000$sj2RcUfVZHLSLzkrZPlJvn$d/g8s2LkCn2xlqA2lRmoKmIngThJ6A8KQylQYqk3/ao=",
    "first_name": "yisel",
    "last_name": "Castillo",
    "username": "castilloyisel",
    "email": "castilloyisel@gmail.com",
    "phone_number": "809-766-9952",
    "date_joined": "2022-04-09T21:59:22.779Z",
    "last_login": "2022-04-09T22:04:23.685Z",
    "is_admin": false,
    "is_staff": false,
    "is_active": true,
    "is_superadmin": false
  }
},
{
  "model": "accounts.userprofile",
  "pk": 1,
  "fields": {
    "user": 1,
    "address_line_1": "Prime",
    "address_line_2": "Residencial Vengadores",
    "profile_picture": "user_profile/bat.jpg",
    "city": "Progreso",
    "state": "Supremo",
    "country": "Wakanda"
  }
},
{
  "model": "accounts.userprofile",
  "pk": 2,
  "fields": {
    "user": 24,
    "address_line_1": "",
    "address_line_2": "",
    "profile_picture": "user_profile/vegeta_89DVfcM.jpg",
    "city": "",
    "state": "",
    "country": ""
  }
},
{
  "model": "accounts.userprofile",
  "pk": 3,
  "fields": {
    "user": 25,
    "address_line_1": "",
    "address_line_2": "",
    "profile_picture": "user_profile/bat_QpoCIak.jpg",
    "city": "",
    "state": "",
    "country": ""
  }
},
{
  "model": "store.product",
  "pk": 1,
  "fields": {
    "product_name": "Headpones",
    "slug": "headpones",
    "description": "Lorem Ipsum is simply dummy text of the printing and typesetting industry. Lorem Ipsum has been the industry's standard dummy text ever since the 1500s",
    "price": 350,
    "images": "photos/products/9.jpg",
    "stock": 100,
    "is_available": true,
    "category": 5,
    "created_date": "2022-03-07T03:41:31.965Z",
    "modified_date": "2022-03-07T03:41:31.965Z"
  }
},
{
  "model": "store.product",
  "pk": 2,
  "fields": {
    "product_name": "Equipo de sonido",
    "slug": "equipo-de-sonido",
    "description": "Lorem Ipsum is simply dummy text of the printing and typesetting industry. Lorem Ipsum has been the industry's standard.",
    "price": 600,
    "images": "photos/products/LG-X-Bass-1-1.jpg",
    "stock": 3,
    "is_available": true,
    "category": 3,
    "created_date": "2022-03-07T03:44:29.125Z",
    "modified_date": "2022-03-07T03:44:29.125Z"
  }
},
{
  "model": "store.product",
  "pk": 3,
  "fields": {
    "product_name": "Gamer Chair",
    "slug": "gamer-chair",
    "description": "Lorem Ipsum is simply printing and typesetting industry. Lorem Ipsum has been the industry's standard dummy text ever since the 1500s",
    "price": 550,
    "images": "photos/products/1004.jpg",
    "stock": 2,
    "is_available": true,
    "category": 4,
    "created_date": "2022-03-07T03:45:23.242Z",
    "modified_date": "2022-03-07T03:45:23.242Z"
  }
},
{
  "model": "store.product",
  "pk": 4,
  "fields": {
    "product_name": "Monitor Gamer",
    "slug": "monitor-gamer",
    "description": "Lorem Ipsum is simply dummy text of the printing and typesetting industry. Lorem Ipsum has been the industry's standard dummy text ever since the 1500s ever since the 1500s ever since the 1500s.",
    "price": 340,
    "images": "photos/products/600.jpg",
    "stock": 8,
    "is_available": true,
    "category": 1,
    "created_date": "2022-03-07T03:46:00.321Z",
    "modified_date": "2022-03-07T03:46:00.321Z"
  }
},
{
  "model": "store.product",
  "pk": 5,
  "fields": {
    "product_name": "Mouse Logitech",
    "slug": "mouse-logitech",
    "description": "when an unknown printer took a galley of type and scrambled it to make a type specimen book. It has survived not only five centuries,",
    "price": 60,
    "images": "photos/products/500.jpg",
    "stock": 3,
    "is_available": true,
    "category": 5,
    "created_date": "2022-03-07T03:47:24.140Z",
    "modified_date": "2022-03-07T03:47:24.140Z"
  }
},
{
  "model": "store.product",
  "pk": 6,
  "fields": {
    "product_name": "Camisa Moderna",
    "slug": "camisa-moderna",
    "description": "when an unknown printer took a galley of type and scrambled it to make a type specimen book. It has survived not only five centuries,  when an unknown printer took a galley of type and scrambled it to make a type specimen book. It has survived not only five centuries,",
    "price": 90,
    "images": "photos/products/1000.jpg",
    "stock": 75,
    "is_available": true,
    "category": 2,
    "created_date": "2022-03-07T03:47:56.751Z",
    "modified_date": "2022-04-11T02:00:25.459Z"
  }
},
{
  "model": "store.product",
  "pk": 7,
  "fields": {
    "product_name": "Mackbook Pro",
    "slug": "mackbook-pro",
    "description": "when an unknown printer took a galley of type and scrambled it to make a type specimen book. It has survived not only five centuries,  when an unknown printer took a galley of type and scrambled it to make a type specimen book. It has survived not only five centuries,  when an unknown printer took a galley of type and scrambled it to make a type specimen book. It has survived not only five centuries,",
    "price": 3500,
    "images": "photos/products/1006.jpg",
    "stock": 9,
    "is_available": true,
    "category": 1,
    "created_date": "2022-03-07T03:48:30.192Z",
    "modified_date": "2022-03-07T03:48:30.192Z"
  }
},
{
  "model": "store.product",
  "pk": 8,
  "fields": {
    "product_name": "Airpods",
    "slug": "airpods",
    "description": "when an unknown printer took a galley of type and scrambled it to make a type specimen book. It has survived not only five centuries,  when an unknown printer took a galley of type and scrambled it to make a type specimen book. It has survived not only five centuries,",
    "price": 250,
    "images": "photos/products/700.jpg",
    "stock": 60,
    "is_available": true,
    "category": 5,
    "created_date": "2022-03-07T03:49:22.278Z",
    "modified_date": "2022-03-07T03:49:22.278Z"
  }
},
{
  "model": "store.product",
  "pk": 9,
  "fields": {
    "product_name": "Pantalones cómodos",
    "slug": "pantalones-comodos",
    "description": "when an unknown printer took a galley of type and scrambled it to make a type specimen book. It has survived not only five centuries,  when an unknown printer took a galley of type and scrambled it to make a type specimen book. It has survived not only five centuries,",
    "price": 50,
    "images": "photos/products/pants.jpg",
    "stock": 4,
    "is_available": true,
    "category": 2,
    "created_date": "2022-03-07T03:52:39.398Z",
    "modified_date": "2022-03-07T03:52:39.398Z"
  }
},
{
  "model": "store.product",
  "pk": 10,
  "fields": {
    "product_name": "Poloshirt",
    "slug": "poloshirt",
    "description": "",
    "price": 37,
    "images": "photos/products/poloshert.jpg",
    "stock": 14,
    "is_available": true,
    "category": 2,
    "created_date": "2022-03-07T03:54:09.658Z",
    "modified_date": "2022-03-07T03:54:14.308Z"
  }
},
{
  "model": "store.product",
  "pk": 11,
  "fields": {
    "product_name": "MSI Raider 17in",
    "slug": "msi-raider-17in",
    "description": "Contrary to popular belief, Lorem Ipsum is not simply random text. It has roots in a piece of classical Latin literature from 45 BC, making it over 2000 years old. Richard McClintock, a Latin professor at Hampden-Sydney College in Virginia, looked up one of the more obscure Latin words, consectetur, from a Lorem Ipsum passage, and going through the cites of the word in classical literature,",
    "price": 1800,
    "images": "photos/products/msi.jpg",
    "stock": 2,
    "is_available": true,
    "category": 1,
    "created_date": "2022-03-07T03:55:59.069Z",
    "modified_date": "2022-04-11T03:21:08.865Z"
  }
},
{
  "model": "store.variation",
  "pk": 8,
  "fields": {
    "product": 6,
    "variation_category": "color",
    "variation_value": "rojo",
    "is_active": true,
    "created_date": "2022-03-17T21:02:14.394Z"
  }
},
{
  "model": "store.variation",
  "pk": 9,
  "fields": {
    "product": 6,
    "variation_category": "color",
    "variation_value": "negro",
    "is_active": true,
    "created_date": "2022-03-17T21:02:14.376Z"
  }
},
{
  "model": "store.variation",
  "pk": 10,
  "fields": {
    "product": 6,
    "variation_category": "color",
    "variation_value": "naranja",
    "is_active": true,
    "created_date": "2022-03-17T21:02:14.358Z"
  }
},
{
  "model": "store.variation",
  "pk": 11,
  "fields": {
    "product": 6,
    "variation_category": "color",
    "variation_value": "lila",
    "is_active": true,
    "created_date": "2022-03-17T21:02:14.340Z"
  }
},
{
  "model": "store.variation",
  "pk": 12,
  "fields": {
    "product": 6,
    "variation_category": "talla",
    "variation_value": "large",
    "is_active": true,
    "created_date": "2022-03-17T21:02:14.323Z"
  }
},
{
  "model": "store.variation",
  "pk": 13,
  "fields": {
    "product": 6,
    "variation_category": "talla",
    "variation_value": "Medium",
    "is_active": true,
    "created_date": "2022-03-17T21:02:14.305Z"
  }
},
{
  "model": "store.variation",
  "pk": 14,
  "fields": {
    "product": 6,
    "variation_category": "talla",
    "variation_value": "Small",
    "is_active": true,
    "created_date": "2022-03-17T21:02:14.249Z"
  }
},
{
  "model": "store.reviewrating",
  "pk": 1,
  "fields": {
    "product": 6,
    "user": 1,
    "subject": "Es una muy buena camisa",
    "review": "La calidad es muy buena y está a buen precio.",
    "rating": 5.0,
    "ip": "127.0.0.1",
    "status": true,
    "crated_at": "2022-04-04T22:12:08.997Z",
    "updated_at": "2022-04-04T22:12:08.997Z"
  }
},
{
  "model": "carts.cart",
  "pk": 22,
  "fields": {
    "cart_id": "gb2guatb1du1goh8oevvgp4tx6x8mg4e",
    "date_added": "2022-03-24"
  }
},
{
  "model": "carts.cart",
  "pk": 23,
  "fields": {
    "cart_id": "tu05arik8hzv51tq4kb03yw4wtfmpikp",
    "date_added": "2022-03-24"
  }
},
{
  "model": "carts.cart",
  "pk": 24,
  "fields": {
    "cart_id": "5ngubfdd9ft1rub87dsby3dd9xkahr27",
    "date_added": "2022-03-24"
  }
},
{
  "model": "carts.cart",
  "pk": 25,
  "fields": {
    "cart_id": "8hacpjq1yse2py5vu32lnp4wz02zejln",
    "date_added": "2022-03-25"
  }
},
{
  "model": "carts.cart",
  "pk": 26,
  "fields": {
    "cart_id": "meyxxyv1jaft8jnwomwxqwpmyiy5g3f8",
    "date_added": "2022-03-25"
  }
},
{
  "model": "carts.cart",
  "pk": 27,
  "fields": {
    "cart_id": "wyg99hxdg0mr13va4f60wvr54wa2dies",
    "date_added": "2022-04-09"
  }
},
{
  "model": "carts.cart",
  "pk": 28,
  "fields": {
    "cart_id": "ra2al8zzhj5pm49c97p91n5xoraorzts",
    "date_added": "2022-04-10"
  }
},
{
  "model": "carts.cart",
  "pk": 29,
  "fields": {
    "cart_id": "zs6rjw858gby7bu8pargx9o9tladtz2a",
    "date_added": "2022-04-10"
  }
},
{
  "model": "carts.cartitem",
  "pk": 119,
  "fields": {
    "user": null,
    "product": 6,
    "cart": 22,
    "quantity": 1,
    "is_active": true,
    "variations": [
      8,
      12
    ]
  }
},
{
  "model": "carts.cartitem",
  "pk": 122,
  "fields": {
    "user": null,
    "product": 6,
    "cart": 24,
    "quantity": 1,
    "is_active": true,
    "variations": [
      8,
      12
    ]
  }
},
{
  "model": "carts.cartitem",
  "pk": 125,
  "fields": {
    "user": null,
    "product": 6,
    "cart": 26,
    "quantity": 1,
    "is_active": true,
    "variations": [
      8,
      12
    ]
  }
},
{
  "model": "carts.cartitem",
  "pk": 143,
  "fields": {
    "user": null,
    "product": 10,
    "cart": 29,
    "quantity": 1,
    "is_active": true,
    "variations": []
  }
},
{
  "model": "orders.payment",
  "pk": 23,
  "fields": {
    "user": 1,
    "payment_id": "3F080909YX2822223",
    "payment_method": "Paypal",
    "amount_paid": "91.8",
    "status": "COMPLETED",
    "creat_at": "2022-04-07T15:17:14.943Z"
  }
},
{
  "model": "orders.payment",
  "pk": 24,
  "fields": {
    "user": 25,
    "payment_id": "2XY3462558183192L",
    "payment_method": "Paypal",
    "amount_paid": "91.8",
    "status": "COMPLETED",
    "creat_at": "2022-04-09T22:02:44.318Z"
  }
},
{
  "model": "orders.payment",
  "pk": 25,
  "fields": {
    "user": 1,
    "payment_id": "6EJ36392VK1335633",
    "payment_method": "Paypal",
    "amount_paid": "91.8",
    "status": "COMPLETED",
    "creat_at": "2022-04-11T02:00:25.409Z"
  }
},
{
  "model": "orders.payment",
  "pk": 26,
  "fields": {
    "user": 1,
    "payment_id": "88C22714EY6631045",
    "payment_method": "Paypal",
    "amount_paid": "1836.0",
    "status": "COMPLETED",
    "creat_at": "2022-04-11T03:21:08.823Z"
  }
},
{
  "model": "orders.order",
  "pk": 107,
  "fields": {
    "user": 1,
    "payment": 23,
    "order_number": "20220407107",
    "first_name": "Goku",
    "last_name": "Sayan",
    "phone": "587-578-5788",
    "email": "g@super.com",
    "address_line_1": "Casa Kame house",
    "address_line_2": "#58",
    "state": "Dragón",
    "city": "Capsula",
    "country": "Unión",
    "order_note": "Esta es la orden de Goku",
    "order_total": 91.8,
    "tax": 1.8,
    "status": "new",
    "ip": "127.0.0.1",
    "is_ordered": true,
    "created_at": "2022-04-07T15:16:55.651Z",
    "updated_at": "2022-04-07T15:17:14.954Z"
  }
},
{
  "model": "orders.order",
  "pk": 108,
  "fields": {
    "user": 25,
    "payment": 24,
    "order_number": "20220409108",
    "first_name": "yisel",
    "last_name": "Castillo",
    "phone": "809-766-9952",
    "email": "castilloyisel@gmail.com",
    "address_line_1": "AVE  LA GA",
    "address_line_2": "ciudad",
    "state": "pluton",
    "city": "las vegas",
    "country": "marte",
    "order_note": "Hola",
    "order_total": 91.8,
    "tax": 1.8,
    "status": "new",
    "ip": "127.0.0.1",
    "is_ordered": true,
    "created_at": "2022-04-09T22:02:05.391Z",
    "updated_at": "2022-04-09T22:02:44.350Z"
  }
},
{
  "model": "orders.order",
  "pk": 109,
  "fields": {
    "user": 1,
    "payment": 25,
    "order_number": "20220410109",
    "first_name": "Goku",
    "last_name": "sanyan",
    "phone": "45453451",
    "email": "g@test.com",
    "address_line_1": "sdfdsf sd",
    "address_line_2": "sdf sdf",
    "state": "fsd fsd",
    "city": "sdf sd",
    "country": "fsdf",
    "order_note": "sdf sdf sdf",
    "order_total": 91.8,
    "tax": 1.8,
    "status": "new",
    "ip": "127.0.0.1",
    "is_ordered": true,
    "created_at": "2022-04-11T01:59:36.303Z",
    "updated_at": "2022-04-11T02:00:25.418Z"
  }
},
{
  "model": "orders.order",
  "pk": 110,
  "fields": {
    "user": 1,
    "payment": 26,
    "order_number": "20220410110",
    "first_name": "Napa",
    "last_name": "sfd asdf",
    "phone": "46465465",
    "email": "test@dfs.com",
    "address_line_1": "asdf asdf",
    "address_line_2": "asdfasdf",
    "state": "asdfa",
    "city": "asdf",
    "country": "sdfasd",
    "order_note": "fasdfasdf asdf asdf as",
    "order_total": 1836.0,
    "tax": 36.0,
    "status": "new",
    "ip": "127.0.0.1",
    "is_ordered": true,
    "created_at": "2022-04-11T03:20:51.602Z",
    "updated_at": "2022-04-11T03:21:08.833Z"
  }
},
{
  "model": "orders.orderproduct",
  "pk": 20,
  "fields": {
    "order": 107,
    "payment": 23,
    "user": 1,
    "product": 6,
    "quantity": 1,
    "product_price": 90.0,
    "ordered": true,
    "created_at": "2022-04-07T15:17:14.964Z",
    "updated_at": "2022-04-07T15:17:14.985Z",
    "variation": [
      8,
      12
    ]
  }
},
{
  "model": "orders.orderproduct",
  "pk": 21,
  "fields": {
    "order": 108,
    "payment": 24,
    "user": 25,
    "product": 6,
    "quantity": 1,
    "product_price": 90.0,
    "ordered": true,
    "created_at": "2022-04-09T22:02:44.371Z",
    "updated_at": "2022-04-09T22:02:44.406Z",
    "variation": [
      8,
      13
    ]
  }
},
{
  "model": "orders.orderproduct",
  "pk": 22,
  "fields": {
    "order": 109,
    "payment": 25,
    "user": 1,
    "product": 6,
    "quantity": 1,
    "product_price": 90.0,
    "ordered": true,
    "created_at": "2022-04-11T02:00:25.428Z",
    "updated_at": "2022-04-11T02:00:25.449Z",
    "variation": [
      8,
      12
    ]
  }
},
{
  "model": "orders.orderproduct",
  "pk": 23,
  "fields": {
    "order": 110,
    "payment": 26,
    "user": 1,
    "product": 11,
    "quantity": 1,
    "product_price": 1800.0,
    "ordered": true,
    "created_at": "2022-04-11T03:21:08.843Z",
    "updated_at": "2022-04-11T03:21:08.854Z",
    "variation": []
  }
},
{
  "model": "admin_honeypot.loginattempt",
  "pk": 1,
  "fields": {
    "username": "test@test.com",
    "ip_address": "127.0.0.1",
    "session_key": "de3jdg6t30oezarhxs7n08y9tm0u24gn",
    "user_agent": "Mozilla/5.0 (Windows NT 10.0; Win64; x64) AppleWebKit/537.36 (KHTML, like Gecko) Chrome/100.0.4896.75 Safari/537.36",
    "timestamp": "2022-04-10T04:46:17.709Z",
    "path": "/admin_fake/login/?next=/admin_fake/"
  }
},
{
  "model": "admin_honeypot.loginattempt",
  "pk": 2,
  "fields": {
    "username": "e_roquel@hotmail.com",
    "ip_address": "127.0.0.1",
    "session_key": "303dn485ps1pfv8dtrf7xql60ip28rsx",
    "user_agent": "Mozilla/5.0 (Windows NT 10.0; Win64; x64) AppleWebKit/537.36 (KHTML, like Gecko) Chrome/100.0.4896.75 Safari/537.36",
    "timestamp": "2022-04-11T03:24:00.523Z",
    "path": "/adminlogin/?next=/adminpanel/"
  }
}
]
